place,country_code,place_id
"265 km SSE of Katsuura, Japan",JP,2
"83 km S of Koshima, Japan",JP,13
"93 km SSW of Alberto Oviedo Mota, B.C., MX",MX,16
"92 km SW of Panguna, Papua New Guinea",PG,19
western Indian-Antarctic Ridge,AU,20
"37 km N of Metah?ra, Ethiopia",ET,32
"4 km S of Indios, Puerto Rico",PR,42
southern Mid-Atlantic Ridge,SH,57
"87 km ENE of Popondetta, Papua New Guinea",PG,59
"47 km NNW of ?wash, Ethiopia",ET,81
"74 km SSE of China, Japan",JP,97
"93 km SW of Panguna, Papua New Guinea",PG,106
"53 km W of Kirakira, Solomon Islands",SB,130
Southwest Indian Ridge,MG,133
"51 km ENE of Port-Olry, Vanuatu",VU,134
"86 km N of Brenas, Puerto Rico",PR,140
"19 km ENE of Tarata, Peru",PE,146
"167 km W of Lata, Solomon Islands",SB,149
"24 km NNE of Constitución, Chile",CL,151
"1 km ENE of Lapinigan, Philippines",PH,157
"15 km SSE of Lindsay, Texas",US,0
"28 km SE of Mina, Nevada",US,1
"38 km WSW of Ludlow, CA",US,3
"15 km SSE of Carbonado, Washington",US,4
"24 km NW of Stanley, Idaho",US,5
"57 km WSW of Adak, Alaska",US,6
"22 km ENE of Ashford, Washington",US,7
"69 km WNW of Beluga, Alaska",US,8
"80 km WNW of Beluga, Alaska",US,9
"0 km WSW of P?hala, Hawaii",US,10
"6 km NW of Cobb, CA",US,11
"9 km SW of Corona, CA",US,12
"47 km E of Fort Bidwell, California",US,14
"39 km NNE of Chenega, Alaska",US,15
"25 km WNW of Kalaoa, Hawaii",US,17
"14 km ESE of P?hala, Hawaii",US,18
"66 km SSW of Whites City, New Mexico",US,21
"41 km NW of Valdez, Alaska",US,22
"9 km ENE of Ocotillo Wells, CA",US,23
"9 km SSW of Holtville, CA",US,24
"25 km SSW of Kanosh, Utah",US,25
"69 km WNW of Tyonek, Alaska",US,26
"19 km S of Kettleman City, CA",US,27
"38 km NNE of Chenega, Alaska",US,28
"31 km SE of McCarthy, Alaska",US,29
"23 km NNW of Kernville, CA",US,30
"4 km NW of Fort Fairfield, Maine",US,31
"91 km W of Adak, Alaska",US,33
"28 km ENE of Little Lake, CA",US,34
"52 km SSE of Glacier View, Alaska",US,35
"71 km WNW of Happy Valley, Alaska",US,36
"9 km NNW of Warner Springs, CA",US,37
"93 km ENE of Kodiak, Alaska",US,38
"7 km NNW of Ocotillo Wells, CA",US,39
"25 km SSE of Egegik, Alaska",US,40
"3 km SW of Logan, Montana",US,41
"40 km ESE of Pedro Bay, Alaska",US,43
"3 km WNW of The Geysers, CA",US,44
"9 km S of Pistol River, Oregon",US,45
"48 km WNW of Indian Springs, Nevada",US,46
"27 km SW of Glacier View, Alaska",US,47
"2 km WNW of Anderson Springs, CA",US,48
"22 km NW of Fishhook, Alaska",US,49
"40 km NE of Adak, Alaska",US,50
"47 km ESE of Beatty, Nevada",US,51
"26 km SW of Adak, Alaska",US,52
"14 km SSE of Soldotna, Alaska",US,53
"39 km WNW of Indian Springs, Nevada",US,54
"12 km ENE of Ronan, Montana",US,55
"21 km NW of Desert Center, CA",US,56
"10 km NNW of Idyllwild, CA",US,58
"70 km WSW of Nikolski, Alaska",US,60
"23 km SSE of Dyer, Nevada",US,61
"44 km NW of Toyah, Texas",US,62
"19 km W of Sitka, Alaska",US,63
"67 km W of Tyonek, Alaska",US,64
"103 km W of Adak, Alaska",US,65
"2 km SW of Anderson Springs, CA",US,66
"24 km NW of Lima, Montana",US,67
"4 km ENE of Magna, Utah",US,68
"33 km WNW of Susitna, Alaska",US,69
"25 km W of Sitka, Alaska",US,70
"22 km W of Sitka, Alaska",US,71
"69 km SE of Denali National Park, Alaska",US,72
"3 km NNW of Fontana, CA",US,73
"4 km NE of Magna, Utah",US,74
"2 km WSW of San Ardo, CA",US,75
"17 km WNW of Boulder Creek, CA",US,76
"25 km SSE of Fern Forest, Hawaii",US,77
"15 km W of Petrolia, CA",US,78
"3 km WSW of Logan, Montana",US,79
"20 km W of Happy Valley, Alaska",US,80
"41 km WNW of Ninilchik, Alaska",US,82
"2 km S of Kapowsin, Washington",US,83
"25 km NNW of Toyah, Texas",US,84
"36 km W of Salamatof, Alaska",US,85
"3 km SE of Borrego Springs, CA",US,86
"59 km ENE of Independence, California",US,87
"70 km WSW of Cantwell, Alaska",US,88
"4 km E of Butte, Montana",US,89
"50 km ESE of Denali Park, Alaska",US,90
"55 km WNW of Happy Valley, Alaska",US,91
"14 km ENE of Willow, Alaska",US,92
"16 km NNE of Ashford, Washington",US,93
"60 km N of Petersville, Alaska",US,94
"10 km ENE of Ocotillo Wells, CA",US,95
"20 km W of Sitka, Alaska",US,96
"43 km E of Fort Bidwell, California",US,98
"32 km WNW of Stanley, Idaho",US,99
"27 km WNW of Hebgen Lake Estates, Montana",US,100
"9 km SSW of San Ardo, CA",US,101
"46 km WNW of Indian Springs, Nevada",US,102
"20 km E of Little Lake, CA",US,103
"44 km N of Chase, Alaska",US,104
"49 km E of Whittier, Alaska",US,105
"9 km E of Moreno Valley, CA",US,107
"3 km N of Fontana, CA",US,108
"4 km SW of Clayton, CA",US,109
"43 km SW of Unalaska, Alaska",US,110
"55 km E of Pedro Bay, Alaska",US,111
"27 km NNW of Sutton-Alpine, Alaska",US,112
"9 km ENE of Milpitas, CA",US,113
"74 km N of Tanana, Alaska",US,114
"10 km ESE of Alum Rock, CA",US,115
"12 km N of Houston, Alaska",US,116
"12 km NNW of Ocotillo, CA",US,117
"1 km SE of Mullan, Idaho",US,118
"43 km E of Denali National Park, Alaska",US,119
"30 km NW of Indian Springs, Nevada",US,120
"10 km WSW of Kelseyville, CA",US,121
"2 km W of Redwood Valley, CA",US,122
"6 km W of Klamath, CA",US,123
"171 km SE of Chignik, Alaska",US,124
"39 km NW of Valdez, Alaska",US,125
"2 km NE of Barberton, Washington",US,126
"28 km W of Shoshone, California",US,127
"25 km NW of Stanley, Idaho",US,128
"9 km WSW of Idyllwild, CA",US,129
"18 km ESE of Ocotillo, CA",US,131
"5 km SW of San Pasqual, CA",US,132
"66 km NNE of Van Horn, Texas",US,135
"4 km NE of Willow Creek, CA",US,136
"30 km NW of Stanley, Idaho",US,137
"16 km SE of Lincoln, Montana",US,138
"11 km  of Shelter Cove, CA",US,139
"8 km E of Healy, Alaska",US,141
"1 km NNE of Helper, Utah",US,142
"2 km ENE of Colton, CA",US,143
"42 km NE of Adak, Alaska",US,144
"18 km NNW of Borrego Springs, CA",US,145
"14 km E of Stanton, Texas",US,147
"11 km E of Pinnacles, CA",US,148
"29 km SSW of Glacier View, Alaska",US,150
"50 km WSW of Tatitlek, Alaska",US,152
"16 km SW of Willow, Alaska",US,153
"12 km ESE of Julian, CA",US,154
"37 km NW of Stanton, Texas",US,155
"8 km ESE of Ackerly, Texas",US,156
"9 km N of Willow, Alaska",US,158
"56 km WNW of Beatty, Nevada",US,159
"31 km ENE of Yigo Village, Guam",GU,175
"37 km ENE of Hinatuan, Philippines",PH,181
"43 km N of Khand?d, Afghanistan",AF,199
"48 km E of La Tirana, Chile",CL,202
central East Pacific Rise,EC,220
"29 km NNE of Bijie, China",CN,225
"262 km W of Adak, Alaska",RU,226
"243 km E of Kuril’sk, Russia",JP,232
"130 km SE of Kimbe, Papua New Guinea",PG,243
"12 km S of La Romana, Dominican Republic",DO,244
"18 km NE of Dagomys, Russia",RU,251
"10 km ESE of Sarpol-e Z?ah?b, Iran",IR,257
"33 km WNW of Ajab Sh?r, Iran",IR,270
"111 km S of Laugar, Iceland",IS,276
"94 km NNE of Cruz Bay, U.S. Virgin Islands",VG,278
"77 km SE of Pondaguitan, Philippines",PH,285
"49 km ESE of Punta Cana, Dominican Republic",DO,286
"271 km W of Adak, Alaska",RU,293
"36 km WNW of Linfen, China",CN,316
"40 km ESE of Ollagüe, Chile",BO,317
"61 km ESE of Hihifo, Tonga",TO,318
"7 km ESE of As Sulaym?n?yah, Iraq",IQ,325
southeast of Easter Island,CL,343
Tibetan Plateau,CN,351
Vanuatu region,VU,370
"100 km SW of Atocha, Bolivia",BO,385
"72 km N of Charlotte Amalie, U.S. Virgin Islands",VI,395
"13 km ESE of Denman, Australia",AU,404
"277 km SW of Gizo, Solomon Islands",SB,413
"78 km SSW of F?r?z?b?d, Iran",IR,414
"36 km ESE of Hengchun, Taiwan",TW,452
"68 km NNW of Kimbe, Papua New Guinea",PG,457
"236 km E of Levuka, Fiji",WF,465
"18 km SE of Miyazaki, Japan",JP,466
"44 km NNW of Gazli, Uzbekistan",UZ,484
west of Macquarie Island,AU,493
Macquarie Island region,NZ,500
Mid-Indian Ridge,MU,501
"73 km ESE of Monte Patria, Chile",CL,527
"122 km NNE of Lospalos, Timor Leste",TL,528
"42 km ENE of Nichinan, Japan",JP,529
"120 km S of Akureyri, Iceland",IS,541
"32 km N of Camiña, Chile",CL,552
"11 km SSE of Guayaquil, Ecuador",EC,558
"54 km NNE of Punta Cana, Dominican Republic",DO,570
"81 km W of Pangai, Tonga",TO,601
"40 km NNW of Måløy, Norway",NO,602
"7 km S of Princeton, Canada",CA,623
"92 km WNW of Aykol, China",CN,629
"13 km SSW of Locumba, Peru",PE,634
"24 km N of Wakefield, Canada",CA,647
Southwest Indian Ridge,RE,654
"13 km SW of Palora, Ecuador",EC,674
"74 km ENE of Quorn, Australia",AU,677
south of the Kermadec Islands,NZ,692
"Bonin Islands, Japan region",JP,706
"11 km ESE of Camiña, Chile",BO,719
"27 km WNW of Bantogon, Philippines",PH,731
"251 km E of Levuka, Fiji",WF,760
"15 km S of Princeton, Canada",CA,767
"Devon Island, Nunavut, Canada",CA,775
"22 km SW of Balangonan, Philippines",PH,831
"14 km E of North Saanich, Canada",CA,832
"69 km N of Yakutat, Alaska",CA,833
"76 km SSE of Pondaguitan, Philippines",PH,842
"29 km SW of Bahía Solano, Colombia",CO,849
central Mid-Atlantic Ridge,BR,853
"266 km ENE of Lospalos, Timor Leste",TL,859
"0 km W of Mediis, Italy",IT,863
"67 km SW of Port-Vila, Vanuatu",VU,878
"43 km SW of Jiquilillo, Nicaragua",NI,893
Southern Tibetan Plateau,CN,917
"81 km N of Barishal, Pakistan",PK,918
"161 km NE of Mi?r?tah, Libya",LY,919
"177 km W of Hihifo, Tonga",TO,941
"261 km W of Adak, Alaska",RU,942
"43 km SSW of Ollagüe, Chile",CL,961
"97 km E of Levuka, Fiji",WF,984
"25 km ENE of Shikotan, Russia",RU,994
"12 km SW of Silos, Colombia",CO,999
"172 km NE of Lospalos, Timor Leste",TL,1005
"23 km SSW of Hualien City, Taiwan",TW,1006
"8 km W of Pablo L. Sidar, Mexico",MX,267
"14 km WNW of Progreso, B.C., MX",MX,538
"21 km ESE of Aquila, Mexico",MX,635
"16 km WSW of Delta, B.C., MX",MX,698
"13 km W of Alberto Oviedo Mota, B.C., MX",MX,732
"9 km NNE of Jesús Carranza, Mexico",MX,759
"106 km WSW of Puerto Madero, Mexico",MX,766
"103 km SSE of Wonosari, Indonesia",ID,164
"186 km W of Abepura, Indonesia",ID,213
"101 km SW of Nabire, Indonesia",ID,292
"216 km S of Sarangani, Philippines",ID,324
"123 km ESE of Bitung, Indonesia",ID,542
"249 km SSW of Jimbaran, Indonesia",ID,551
"73 km W of Tobelo, Indonesia",ID,745
"38 km SSE of Dompu, Indonesia",ID,804
"11 km ENE of Metah?ra, Ethiopia",ET,238
"9 km SSW of ?wash, Ethiopia",ET,273
"12 km NW of ?wash, Ethiopia",ET,277
"1 km WNW of ?wash, Ethiopia",ET,323
"32 km N of ?wash, Ethiopia",ET,337
"0 km SSW of Metah?ra, Ethiopia",ET,489
"33 km NNW of ?wash, Ethiopia",ET,496
"20 km NW of Metah?ra, Ethiopia",ET,521
"16 km SW of ?wash, Ethiopia",ET,593
"30 km N of ?wash, Ethiopia",ET,600
"20 km N of ?wash, Ethiopia",ET,628
"49 km NNW of ?wash, Ethiopia",ET,662
"21 km E of ?wash, Ethiopia",ET,725
"17 km N of ?wash, Ethiopia",ET,803
"7 km ESE of Metah?ra, Ethiopia",ET,841
"2 km NNW of ?wash, Ethiopia",ET,864
"25 km SE of Metah?ra, Ethiopia",ET,930
"28 km S of Metah?ra, Ethiopia",ET,934
"41 km NNW of ?wash, Ethiopia",ET,993
"27 km WNW of Rincón, Puerto Rico",PR,167
"20 km SE of El Negro, Puerto Rico",PR,182
"45 km N of Hatillo, Puerto Rico",PR,203
"5 km E of La Parguera, Puerto Rico",PR,360
"2 km WNW of Tallaboa, Puerto Rico",PR,386
"74 km N of Brenas, Puerto Rico",PR,391
"40 km N of Hatillo, Puerto Rico",PR,490
"1 km E of Isabela, Puerto Rico",PR,502
"2 km NW of Indios, Puerto Rico",PR,503
"79 km N of Culebra, Puerto Rico",PR,641
"5 km SSE of Indios, Puerto Rico",PR,681
"1 km N of Maria Antonia, Puerto Rico",PR,686
"11 km SSE of Guánica, Puerto Rico",PR,737
"44 km N of Hatillo, Puerto Rico",PR,792
"7 km SW of Guánica, Puerto Rico",PR,793
"6 km SE of Maria Antonia, Puerto Rico",PR,794
"4 km WSW of Guánica, Puerto Rico",PR,816
"3 km S of Utuado, Puerto Rico",PR,838
"83 km NW of San Antonio, Puerto Rico",PR,865
"43 km NNW of Petersville, Alaska",US,160
"61 km S of Whites City, New Mexico",US,161
"7 km N of Running Springs, CA",US,162
"79 km NW of Ninilchik, Alaska",US,163
"28 km NNE of Ugashik, Alaska",US,165
"11 km SE of Lima, Montana",US,166
"16 km ENE of Nikiski, Alaska",US,168
"33 km NNW of Sutton-Alpine, Alaska",US,169
"13 km W of Toms Place, CA",US,170
"30 km WNW of Petrolia, CA",US,171
"14 km W of P?hala, Hawaii",US,172
"17 km NE of Yerington, Nevada",US,173
"8 km WNW of West Glacier, Montana",US,174
"54 km SE of Denali National Park, Alaska",US,176
"51 km N of Lake Louise, Alaska",US,177
"13 km ESE of Hawthorne, Nevada",US,178
"17 km SE of Manley Hot Springs, Alaska",US,179
"31 km N of Spencer, Idaho",US,180
"19 km NE of Kukuihaele, Hawaii",US,183
"17 km ESE of Julian, CA",US,184
"4 km SE of Ontario, CA",US,185
"21 km NE of Big Bear City, CA",US,186
"10 km W of Whitefield, Oklahoma",US,187
"47 km E of Beatty, Nevada",US,188
"35 km W of Tyonek, Alaska",US,189
"37 km SSE of Goldfield, Nevada",US,190
"0 km SSE of Julian, CA",US,191
"3 km SE of Carney, Oklahoma",US,192
"21 km SW of Charlotte, Texas",US,193
"65 km WNW of Petrolia, CA",US,194
"25 km ENE of Honaunau-Napoopoo, Hawaii",US,195
"3 km ESE of Lincoln, Montana",US,196
"10 km W of Anza, CA",US,197
"65 km WNW of Beluga, Alaska",US,198
"3 km S of Round Valley, CA",US,200
"35 km WSW of Ackerly, Texas",US,201
"24 km SSE of Mammoth, Wyoming",US,204
"22 km NNE of Yerington, Nevada",US,205
"22 km SSE of Minto, Alaska",US,206
"57 km S of Whites City, New Mexico",US,207
"37 km ENE of Pedro Bay, Alaska",US,208
"19 km SSE of Lindsay, Texas",US,209
"40 km E of Chase, Alaska",US,210
"4 km ESE of Ontario, CA",US,211
"26 km SSW of Ocotillo Wells, CA",US,212
"56 km W of Cantwell, Alaska",US,214
"12 km ESE of Hawthorne, Nevada",US,215
"12 km W of Nanwalek, Alaska",US,216
"42 km WSW of Tyonek, Alaska",US,217
"58 km NE of Whittier, Alaska",US,218
"3 km N of Onalaska, Washington",US,219
"199 km S of False Pass, Alaska",US,221
"54 km W of Happy Valley, Alaska",US,222
"53 km S of Whites City, New Mexico",US,223
"53 km E of Beatty, Nevada",US,224
"80 km SSE of Igiugig, Alaska",US,227
"86 km S of Point Hope, Alaska",US,228
"18 km NNW of San Simeon, CA",US,229
"33 km WSW of Petersville, Alaska",US,230
"26 km WNW of Clayton, Idaho",US,231
"16 km E of Ferry, Alaska",US,233
"13 km SW of Mentone, Texas",US,234
"6 km N of Moreno Valley, CA",US,235
"64 km WNW of Tyonek, Alaska",US,236
"6 km ESE of Califon, New Jersey",US,237
"9 km SSW of Lopez Point, CA",US,239
"32 km SSE of Hope, New Mexico",US,240
"22 km WNW of South Glastonbury, Montana",US,241
"17 km ENE of Drummond, Montana",US,242
"14 km ENE of Mammoth Lakes, CA",US,245
"35 km SE of West Yellowstone, Montana",US,246
"37 km SSW of Portage Creek, Alaska",US,247
"186 km E of Atka, Alaska",US,248
"156 km W of Adak, Alaska",US,249
"12 km SSE of Isla Vista, CA",US,250
"38 km NNE of Amboy, Washington",US,252
"8 km NNW of The Geysers, CA",US,253
"12 km NW of The Geysers, CA",US,254
"3 km S of P?hala, Hawaii",US,255
"11 km SW of Ridgemark, CA",US,256
"66 km ESE of Pedro Bay, Alaska",US,258
"9 km ENE of Fox, Alaska",US,259
"4 km SW of Anderson Springs, CA",US,260
"46 km NW of Toyah, Texas",US,261
"3 km SW of Midland, Texas",US,262
"1 km E of Crocker, Washington",US,263
"17 km SSW of Searles Valley, CA",US,264
"5 km N of Lake Elsinore, CA",US,265
"8 km SE of Sparks, Oklahoma",US,266
"1 km NW of The Geysers, CA",US,268
"2 km SW of Hulbert, Oklahoma",US,269
"58 km S of Denali National Park, Alaska",US,271
"9 km ESE of Lima, Montana",US,272
"37 km WSW of Ackerly, Texas",US,274
"68 km NE of Nikolski, Alaska",US,275
"63 km S of Whites City, New Mexico",US,279
"14 km E of Desert Hot Springs, CA",US,280
"3 km SW of Dibble, Oklahoma",US,281
"27 km WNW of Clayton, Idaho",US,282
"13 km WNW of Mojave, CA",US,283
"116 km W of Adak, Alaska",US,284
"20 km ESE of Elmendorf Air Force Base, Alaska",US,287
"24 km SW of Ocotillo Wells, CA",US,288
"38 km ENE of Amboy, Washington",US,289
"8 km SSE of Idyllwild, CA",US,290
"14 km NNE of Marysville, Montana",US,291
"10 km E of Pinnacles, CA",US,294
"12 km SSW of Gateway, Alaska",US,295
"27 km SSE of Mina, Nevada",US,296
"2 km ESE of Home Gardens, CA",US,297
"2 km SSW of Willow, Alaska",US,298
"59 km NW of Toyah, Texas",US,299
"9 km W of Harding-Birch Lakes, Alaska",US,300
"16 km NNE of Morrison, Oklahoma",US,301
"1 km W of The Geysers, CA",US,302
"37 km ENE of McKinney Acres, Texas",US,303
"10 km NE of P?hala, Hawaii",US,304
"29 km WNW of Hebgen Lake Estates, Montana",US,305
"4 km SW of Winchester, CA",US,306
"22 km NW of Challis, Idaho",US,307
"2 km NE of Helper, Utah",US,308
"2 km NNE of Citrus, CA",US,309
"65 km W of Nanwalek, Alaska",US,310
"15 km NE of Kermit, Texas",US,311
"59 km S of Whites City, New Mexico",US,312
"15 km SSE of Los Ybanez, Texas",US,313
"5 km NW of Logan, Montana",US,314
"77 km W of Salamatof, Alaska",US,315
"11 km W of Stanton, Texas",US,319
"13 km E of Bishop, California",US,320
"27 km S of Dyer, Nevada",US,321
"10 km WSW of Anza, CA",US,322
"9 km WNW of Cobb, CA",US,326
"14 km SE of Bodfish, CA",US,327
"6 km NE of Hoback, Wyoming",US,328
"27 km NNE of Alder Springs, CA",US,329
"6 km SSE of Lytle Creek, CA",US,330
"18 km NE of Coachella, CA",US,331
"28 km N of Atka, Alaska",US,332
"5 km SW of Walker Lake, Nevada",US,333
"51 km SE of Denali National Park, Alaska",US,334
"22 km W of Westmorland, CA",US,335
"74 km NW of Ninilchik, Alaska",US,336
"78 km WNW of Petrolia, CA",US,338
"20 km SE of P?hala, Hawaii",US,339
"29 km WSW of Tanana, Alaska",US,340
"80 km W of Salamatof, Alaska",US,341
"14 km N of Atka, Alaska",US,342
"5 km WNW of Cobb, CA",US,344
"82 km NW of Skwentna, Alaska",US,345
"55 km S of Whites City, New Mexico",US,346
"15 km SE of Knik-Fairview, Alaska",US,347
"32 km SE of Mina, Nevada",US,348
"29 km SE of Skwentna, Alaska",US,349
"16 km NW of Stanton, Texas",US,350
"14 km S of Fern Forest, Hawaii",US,352
"42 km SSE of Denali National Park, Alaska",US,353
"8 km NNW of Bokchito, Oklahoma",US,354
"35 km NNE of Ivanof Bay, Alaska",US,355
"8 km E of Borrego Springs, CA",US,356
"64 km ENE of Chase, Alaska",US,357
"16 km S of Whitehall, Montana",US,358
"17 km SW of McKinney Acres, Texas",US,359
"1 km NNE of The Geysers, CA",US,361
"10 km ESE of Gilroy, CA",US,362
"59 km SW of Cantwell, Alaska",US,363
"17 km SW of Ocotillo Wells, CA",US,364
"16 km W of Lincoln, Montana",US,365
"59 km NW of Tatitlek, Alaska",US,366
"7 km E of Avon, Utah",US,367
"14 km SE of Lincoln, Montana",US,368
"7 km NE of Lake McMurray, Washington",US,369
"2 km NE of Dustin, Oklahoma",US,371
"6 km NNW of Greenfield, Oklahoma",US,372
"4 km NW of Cobb, CA",US,373
"2 km N of The Geysers, CA",US,374
"9 km NE of Coalinga, CA",US,375
"17 km NW of Happy Valley, Alaska",US,376
"21 km SE of Chickaloon, Alaska",US,377
"24 km WNW of Boulder Creek, CA",US,378
"24 km NW of Susitna, Alaska",US,379
"1 km NE of Heber, CA",US,380
"86 km NNW of Karluk, Alaska",US,381
"81 km W of Karluk, Alaska",US,382
"1 km SW of P?hala, Hawaii",US,383
"4 km SSW of Redlands, CA",US,384
"4 km WNW of Cobb, CA",US,387
"1 km E of Aromas, CA",US,388
"23 km SSE of Minto, Alaska",US,389
"51 km S of Whites City, New Mexico",US,390
"4 km W of Cobb, CA",US,392
"2 km NNW of El Centro, CA",US,393
"61 km WNW of Beluga, Alaska",US,394
"23 km S of Funny River, Alaska",US,396
"3 km WNW of Point MacKenzie, Alaska",US,397
"30 km SE of Egegik, Alaska",US,398
"5 km SE of Loma Linda, CA",US,399
"83 km W of Adak, Alaska",US,400
"70 km WNW of Beluga, Alaska",US,401
"9 km NE of Borrego Springs, CA",US,402
"26 km S of Trona, CA",US,403
"11 km WSW of Mona, Utah",US,405
"2 km NNE of The Geysers, CA",US,406
"10 km SSE of Forsan, Texas",US,407
"3 km NNW of The Geysers, CA",US,408
"3 km WNW of Anderson Springs, CA",US,409
"42 km WNW of Indian Springs, Nevada",US,410
"10 km ENE of Ronan, Montana",US,411
"8 km NNW of Rancho Cucamonga, CA",US,412
"19 km NNW of Chickaloon, Alaska",US,415
"37 km NNW of Toyah, Texas",US,416
"34 km SSW of False Pass, Alaska",US,417
"6 km SSW of Thatcher, Utah",US,418
"5 km SSW of Idyllwild, CA",US,419
"2 km NW of Kenilworth, Utah",US,420
"16 km ESE of Dilley, Texas",US,421
"70 km WNW of Tyonek, Alaska",US,422
"29 km W of Hebgen Lake Estates, Montana",US,423
"13 km ESE of Borrego Springs, CA",US,424
"84 km SSW of Unalaska, Alaska",US,425
"10 km W of Forsan, Texas",US,426
"35 km SE of Egegik, Alaska",US,427
"20 km NW of Schurz, Nevada",US,428
"13 km NNE of Cabazon, CA",US,429
"5 km SE of Owasso, Oklahoma",US,430
"44 km WNW of Indian Springs, Nevada",US,431
"88 km NNW of Karluk, Alaska",US,432
"2 km NE of Colton, CA",US,433
"37 km WNW of Petrolia, CA",US,434
"1 km SW of Anderson Springs, CA",US,435
"4 km SW of Los Altos Hills, CA",US,436
"11 km E of Tatitlek, Alaska",US,437
"23 km NNW of Westbrook, Texas",US,438
"85 km NNW of Karluk, Alaska",US,439
"14 km SSE of Santa Barbara, CA",US,440
"4 km SE of Brawley, CA",US,441
"34 km NNW of Mentone, Texas",US,442
"14 km W of Forsan, Texas",US,443
"12 km E of Ronan, Montana",US,444
"13 km N of Summit, Oregon",US,445
"2 km NNW of Marston, Missouri",US,446
"11 km ESE of Smith, Nevada",US,447
"128 km SE of McCarthy, Alaska",US,448
"7 km WNW of Seldovia, Alaska",US,449
"6 km SW of Banning, CA",US,450
"19 km NW of Hebgen Lake Estates, Montana",US,451
"18 km W of Kalaoa, Hawaii",US,453
"27 km SSE of Eureka Roadhouse, Alaska",US,454
"21 km NNW of Karluk, Alaska",US,455
"37 km NW of Toyah, Texas",US,456
"16 km S of Tres Pinos, CA",US,458
"20 km SSW of Susitna North, Alaska",US,459
"17 km SE of Carbonado, Washington",US,460
"12 km SE of Bodfish, CA",US,461
"49 km E of Beatty, Nevada",US,462
"6 km N of Naalehu, Hawaii",US,463
"16 km E of Hinton, Oklahoma",US,464
"11 km SE of Cascadia, Oregon",US,467
"4 km WSW of Beluga, Alaska",US,468
"20 km N of Fillmore, CA",US,469
"6 km WSW of Calipatria, CA",US,470
"91 km NNW of Karluk, Alaska",US,471
"6 km NW of The Geysers, CA",US,472
"10 km ESE of Smith, Nevada",US,473
"7 km WNW of Borrego Springs, CA",US,474
"7 km NNE of Borrego Springs, CA",US,475
"6 km WSW of Pine Valley, CA",US,476
"7 km NNW of Loyal, Oklahoma",US,477
"38 km WSW of Ackerly, Texas",US,478
"9 km NW of Indian Springs, Nevada",US,479
"9 km N of Indio, CA",US,480
"12 km S of Volcano, Hawaii",US,481
"66 km ENE of Pedro Bay, Alaska",US,482
"64 km WNW of Beluga, Alaska",US,483
"43 km SE of Atka, Alaska",US,485
"11 km SE of Pearsall, Texas",US,486
"130 km WSW of Adak, Alaska",US,487
"40 km SSE of Goldfield, Nevada",US,488
"12 km ENE of Nescatunga, Oklahoma",US,491
"3 km SSE of Pearsall, Texas",US,492
"52 km ESE of Knik River, Alaska",US,494
"3 km ENE of Canoga Park, CA",US,495
"46 km SSE of Denali National Park, Alaska",US,497
"20 km NE of Yerington, Nevada",US,498
"77 km NW of Karluk, Alaska",US,499
"55 km W of Petrolia, CA",US,504
"24 km NW of Grapevine, CA",US,505
"18 km NE of Yerington, Nevada",US,506
"152 km W of Langlois, Oregon",US,507
"15 km NE of Tanner, Washington",US,508
"2 km ESE of The Geysers, CA",US,509
"10 km W of Petrolia, CA",US,510
"9 km W of Crown Point, Alaska",US,511
"11 km SE of P?hala, Hawaii",US,512
"14 km WNW of Central, Alaska",US,513
"29 km WNW of Susitna, Alaska",US,514
"1 km SW of Marietta-Alderwood, Washington",US,515
"9 km NW of Prague, Oklahoma",US,516
"16 km NE of Yerington, Nevada",US,517
"15 km E of Eagle River, Alaska",US,518
"27 km WSW of Anchor Point, Alaska",US,519
"10 km SW of Salton City, CA",US,520
"11 km SE of Livermore, CA",US,522
"16 km SSE of Isla Vista, CA",US,523
"45 km NNW of Valdez, Alaska",US,524
"38 km SSE of Dyer, Nevada",US,525
"59 km WNW of Beluga, Alaska",US,526
"8 km NW of The Geysers, CA",US,530
"20 km SE of Yosemite Valley, CA",US,531
"32 km SSE of Egegik, Alaska",US,532
"46 km WNW of Nikiski, Alaska",US,533
"6 km NE of Windsor, CA",US,534
"16 km ESE of Verlot, Washington",US,535
"5 km S of Idyllwild, CA",US,536
"6 km SSW of River Road, Washington",US,537
"8 km S of Lopez Point, CA",US,539
"58 km ESE of King Salmon, Alaska",US,540
"25 km W of Petrolia, CA",US,543
"15 km ESE of Ninilchik, Alaska",US,544
"23 km W of Stevens Village, Alaska",US,545
"17 km NNW of Silver Peak, Nevada",US,546
"1 km SSW of Yorba Linda, CA",US,547
"11 km S of Valle Vista, CA",US,548
"31 km NW of Indian Springs, Nevada",US,549
"45 km WNW of Karluk, Alaska",US,550
"3 km SSE of The Geysers, CA",US,553
"10 km WSW of Homer, Alaska",US,554
"3 km SW of Culver City, CA",US,555
"45 km NW of Toyah, Texas",US,556
"17 km N of Stanton, Texas",US,557
"38 km WNW of Petrolia, CA",US,559
"12 km E of Cloverdale, CA",US,560
"13 km NW of The Geysers, CA",US,561
"32 km SE of Malaga, New Mexico",US,562
"15 km ENE of Ridgecrest, CA",US,563
"3 km SSW of Willowbrook, CA",US,564
"6 km SW of Anchor Point, Alaska",US,565
"22 km ESE of Julian, CA",US,566
"19 km SSW of Larsen Bay, Alaska",US,567
"19 km ESE of Point Possession, Alaska",US,568
"56 km W of Tyonek, Alaska",US,569
"9 km NW of The Geysers, CA",US,571
"1 km SE of The Geysers, CA",US,572
"3 km W of Anderson Springs, CA",US,573
"7 km NE of Moreno Valley, CA",US,574
"64 km SE of Denali National Park, Alaska",US,575
"28 km WNW of Valdez, Alaska",US,576
"3 km SSW of Seldovia, Alaska",US,577
"16 km WNW of Packwood, Washington",US,578
"15 km NW of Lopez Point, CA",US,579
"7 km E of Borrego Springs, CA",US,580
"44 km S of Virginia City, Montana",US,581
"23 km SW of Ocotillo Wells, CA",US,582
"5 km NW of The Geysers, CA",US,583
"6 km NW of San Francisco Zoo, CA",US,584
"71 km WNW of Beluga, Alaska",US,585
"45 km SW of Sula, Montana",US,586
"111 km S of McCarthy, Alaska",US,587
"17 km N of Borrego Springs, CA",US,588
"9 km ENE of Hoback, Wyoming",US,589
"2 km NW of North Pole, Alaska",US,590
"25 km SSE of Glacier View, Alaska",US,591
"65 km ENE of Pedro Bay, Alaska",US,592
"8 km NNE of Greenfield, CA",US,594
"14 km NE of Nikiski, Alaska",US,595
"20 km ESE of Kasilof, Alaska",US,596
"32 km E of Skwentna, Alaska",US,597
"27 km NW of Ocotillo, CA",US,598
"8 km NNW of Ojai, CA",US,599
"5 km SW of Yountville, CA",US,603
"10 km ENE of Balmorhea, Texas",US,604
"10 km NNW of Big Bear City, CA",US,605
"6 km SSW of Warner Springs, CA",US,606
"5 km NW of Aguanga, CA",US,607
"10 km E of Ashford, Washington",US,608
"2 km NW of The Geysers, CA",US,609
"16 km WNW of Johannesburg, CA",US,610
"5 km WSW of Borrego Springs, CA",US,611
"4 km SSE of Home Gardens, CA",US,612
"1 km NW of Concord, CA",US,613
"12 km SE of Pearsall, Texas",US,614
"44 km ENE of Fox River, Alaska",US,615
"30 km WNW of Petersville, Alaska",US,616
"53 km WNW of Nikiski, Alaska",US,617
"10 km NW of Indian Springs, Nevada",US,618
"52 km NW of Ninilchik, Alaska",US,619
"66 km WNW of Beluga, Alaska",US,620
"8 km NW of Helper, Utah",US,621
"74 km NE of Nikolski, Alaska",US,622
"59 km WNW of Petrolia, CA",US,624
"2 km NNW of The Geysers, CA",US,625
"5 km NNW of Aguanga, CA",US,626
"23 km W of Sitka, Alaska",US,627
"33 km WSW of Nanwalek, Alaska",US,630
"25 km WNW of Petersville, Alaska",US,631
"38 km WNW of Moapa Town, Nevada",US,632
"22 km ESE of Little Lake, CA",US,633
"10 km W of Saratoga, CA",US,636
"13 km SE of Desert Aire, Washington",US,637
"10 km WSW of Salton City, CA",US,638
"30 km W of Happy Valley, Alaska",US,639
"25 km W of Garden City, Texas",US,640
"56 km S of Whites City, New Mexico",US,642
"86 km SW of Delta Junction, Alaska",US,643
"50 km E of Pedro Bay, Alaska",US,644
"86 km W of Adak, Alaska",US,645
"81 km WNW of Ninilchik, Alaska",US,646
"11 km WSW of Dunnigan, CA",US,648
"16 km NNE of Hawthorne, Nevada",US,649
"20 km NNE of Yerington, Nevada",US,650
"36 km ENE of McKinney Acres, Texas",US,651
"15 km NE of Yerington, Nevada",US,652
"20 km ESE of Little Lake, CA",US,653
"8 km SE of Pearsall, Texas",US,655
"38 km W of Nikiski, Alaska",US,656
"19 km SW of La Quinta, CA",US,657
"3 km NW of The Geysers, CA",US,658
"4 km WSW of The Geysers, CA",US,659
"89 km NNW of Karluk, Alaska",US,660
"12 km ENE of Coso Junction, CA",US,661
"31 km SSE of Egegik, Alaska",US,663
"89 km NW of Skwentna, Alaska",US,664
"11 km NNE of Chase, Alaska",US,665
"85 km NW of Karluk, Alaska",US,666
"6 km NNW of Mill Creek, Oklahoma",US,667
"15 km ESE of Little Lake, CA",US,668
"24 km NNE of Yerington, Nevada",US,669
"13 km W of Midland, Texas",US,670
"19 km W of Ninilchik, Alaska",US,671
"6 km SSE of Oilton, Oklahoma",US,672
"78 km NW of Ninilchik, Alaska",US,673
"10 km SW of Tres Pinos, CA",US,675
"7 km SW of Idyllwild, CA",US,676
"15 km SSE of Stanton, Texas",US,678
"32 km W of Salamatof, Alaska",US,679
"16 km E of Coso Junction, CA",US,680
"20 km WNW of Petrolia, CA",US,682
"7 km NNW of The Geysers, CA",US,683
"11 km ESE of Hawthorne, Nevada",US,684
"23 km ESE of Anza, CA",US,685
"65 km WSW of Anchor Point, Alaska",US,687
"14 km SSE of Isla Vista, CA",US,688
"11 km NE of Julian, CA",US,689
"44 km N of Chignik Lagoon, Alaska",US,690
"75 km NW of Ninilchik, Alaska",US,691
"12 km W of Round Valley, CA",US,693
"20 km ENE of Austin, Nevada",US,694
"19 km NNE of Yerington, Nevada",US,695
"51 km SSE of Whites City, New Mexico",US,696
"18 km E of Finley Point, Montana",US,697
"33 km SE of Mina, Nevada",US,699
"1 km SSW of Julian, CA",US,700
"75 km E of Ugashik, Alaska",US,701
"6 km ENE of Butte, Montana",US,702
"6 km NW of Greenfield, Oklahoma",US,703
"78 km W of Salamatof, Alaska",US,704
"18 km ENE of La Pine, Oregon",US,705
"51 km NNW of Gabbs, Nevada",US,707
"15 km NE of Plush, Oregon",US,708
"17 km W of Johannesburg, CA",US,709
"17 km WSW of Falls City, Texas",US,710
"83 km NW of Karluk, Alaska",US,711
"17 km ESE of Anza, CA",US,712
"64 km W of Tyonek, Alaska",US,713
"11 km SW of Point Possession, Alaska",US,714
"51 km W of Mentone, Texas",US,715
"9 km N of Anza, CA",US,716
"3 km SSE of Home Gardens, CA",US,717
"23 km NNE of Coahoma, Texas",US,718
"66 km WNW of Anchor Point, Alaska",US,720
"69 km N of Petersville, Alaska",US,721
"19 km E of Finley Point, Montana",US,722
"37 km NW of Pahrump, Nevada",US,723
"31 km ESE of Bend, Oregon",US,724
"23 km NW of Alder Springs, CA",US,726
"84 km NNW of Karluk, Alaska",US,727
"5 km NNW of Boron, CA",US,728
"50 km NNW of Karluk, Alaska",US,729
"6 km SE of Mill Creek, Oklahoma",US,730
"70 km WNW of Ninilchik, Alaska",US,733
"75 km ESE of Egegik, Alaska",US,734
"15 km N of Borrego Springs, CA",US,735
"46 km ESE of Beatty, Nevada",US,736
"27 km WSW of Salamatof, Alaska",US,738
"20 km SSE of Lindsay, Texas",US,739
"13 km S of Joshua Tree, CA",US,740
"10 km W of Lindsay, Texas",US,741
"10 km SSE of Unalaska, Alaska",US,742
"7 km SW of Vineyard, Utah",US,743
"43 km NW of Indian Springs, Nevada",US,744
"9 km SE of Coalinga, CA",US,746
"53 km NNE of Kobuk, Alaska",US,747
"80 km E of Ugashik, Alaska",US,748
"15 km SSE of Skwentna, Alaska",US,749
"8 km NW of Prague, Oklahoma",US,750
"5 km SE of Ontario, CA",US,751
"5 km E of Butte, Montana",US,752
"11 km NE of P?hala, Hawaii",US,753
"15 km WNW of Round Mountain, CA",US,754
"54 km WNW of Petrolia, CA",US,755
"26 km SSE of Egegik, Alaska",US,756
"21 km NW of Grapevine, CA",US,757
"8 km S of Idyllwild, CA",US,758
"11 km W of Johannesburg, CA",US,761
"14 km NNW of Tehachapi, CA",US,762
"67 km N of Petersville, Alaska",US,763
"65 km W of Tyonek, Alaska",US,764
"68 km WNW of Beluga, Alaska",US,765
"57 km SE of Pedro Bay, Alaska",US,768
"14 km SW of Stanley, Idaho",US,769
"3 km NNW of Duvall, Washington",US,770
"31 km ESE of Skwentna, Alaska",US,771
"3 km NW of Willowbrook, CA",US,772
"20 km WNW of Stanley, Idaho",US,773
"2 km NNE of Helper, Utah",US,774
"14 km NW of Emery, Utah",US,776
"53 km NE of Chitina, Alaska",US,777
"7 km SE of Pearsall, Texas",US,778
"4 km SW of P?hala, Hawaii",US,779
"27 km NE of Susitna North, Alaska",US,780
"23 km NW of Nanwalek, Alaska",US,781
"24 km SSW of Ocotillo Wells, CA",US,782
"17 km ESE of Dillon, Montana",US,783
"10 km SW of Niland, CA",US,784
"3 km SW of Baldwin Hills, CA",US,785
"84 km NW of Ninilchik, Alaska",US,786
"8 km SE of Pinnacles, CA",US,787
"12 km N of P?hala, Hawaii",US,788
"50 km S of Whites City, New Mexico",US,789
"52 km E of Pedro Bay, Alaska",US,790
"8 km WNW of Prague, Oklahoma",US,791
"25 km SSE of West Yellowstone, Montana",US,795
"16 km NE of Stanley, Idaho",US,796
"63 km WNW of Beluga, Alaska",US,797
"10 km SE of Pinnacles, CA",US,798
"9 km NE of Alum Rock, CA",US,799
"23 km SSW of La Quinta, CA",US,800
"19 km SW of Ocotillo Wells, CA",US,801
"2 km ESE of Rossmoor, CA",US,802
"5 km NNW of The Geysers, CA",US,805
"40 km ENE of Pedro Bay, Alaska",US,806
"8 km NNE of San Jacinto, CA",US,807
"15 km WNW of Petrolia, CA",US,808
"1 km E of Dixon Lane-Meadow Creek, California",US,809
"97 km WNW of Aleneva, Alaska",US,810
"10 km WNW of Ester, Alaska",US,811
"26 km W of Petrolia, CA",US,812
"6 km SSE of Pearsall, Texas",US,813
"5 km NNE of Banning, CA",US,814
"12 km NNE of P?hala, Hawaii",US,815
"18 km S of Susitna North, Alaska",US,817
"71 km SSE of Cantwell, Alaska",US,818
"61 km ESE of Denali National Park, Alaska",US,819
"19 km S of Clarks Point, Alaska",US,820
"3 km ENE of Houston, Alaska",US,821
"20 km NNE of Stanton, Texas",US,822
"33 km E of Lima, Montana",US,823
"83 km NNW of Karluk, Alaska",US,824
"6 km S of Pearblossom, CA",US,825
"57 km WNW of Beluga, Alaska",US,826
"51 km ESE of Beatty, Nevada",US,827
"43 km WNW of Indian Springs, Nevada",US,828
"10 km E of P?hala, Hawaii",US,829
"15 km NE of Little Lake, CA",US,830
"12 km SSE of Fern Forest, Hawaii",US,834
"66 km SSE of Cantwell, Alaska",US,835
"2 km SSW of Willowbrook, CA",US,836
"4 km SSW of Cabazon, CA",US,837
"57 km W of Beatty, Nevada",US,839
"66 km W of Tyonek, Alaska",US,840
"10 km NW of The Geysers, CA",US,843
"14 km S of Volcano, Hawaii",US,844
"41 km W of Susitna, Alaska",US,845
"102 km WNW of Aleneva, Alaska",US,846
"3 km ESE of Lake Henshaw, CA",US,847
"17 km S of Atka, Alaska",US,848
"18 km NNW of Parkfield, CA",US,850
"39 km NNW of Toyah, Texas",US,851
"38 km SSE of Goldfield, Nevada",US,852
"36 km S of Silver Gate, Montana",US,854
"21 km NNE of Yerington, Nevada",US,855
"17 km WSW of Salamatof, Alaska",US,856
"8 km N of Running Springs, CA",US,857
"15 km NNE of Barstow, CA",US,858
"15 km W of Anchorage, Alaska",US,860
"6 km NNW of Willow, Alaska",US,861
"16 km WNW of Hoodsport, Washington",US,862
"1 km NE of The Geysers, CA",US,866
"37 km SSE of Egegik, Alaska",US,867
"17 km NNE of Hermleigh, Texas",US,868
"57 km NW of Tatitlek, Alaska",US,869
"17 km E of Beluga, Alaska",US,870
"49 km SW of Unalaska, Alaska",US,871
"7 km NE of Fall City, Washington",US,872
"1 km S of Julian, CA",US,873
"30 km SE of Mina, Nevada",US,874
"61 km WNW of Tyonek, Alaska",US,875
"22 km NE of Pine Valley, CA",US,876
"6 km SSW of Morton, Washington",US,877
"2 km ENE of Pleasant Hill, CA",US,879
"37 km NNE of Covelo, CA",US,880
"35 km NW of Toyah, Texas",US,881
"12 km W of Stanton, Texas",US,882
"5 km NW of San Francisco Zoo, CA",US,883
"15 km ENE of Yerington, Nevada",US,884
"14 km SSE of Anza, CA",US,885
"5 km WSW of San Francisco Zoo, CA",US,886
"33 km E of Chase, Alaska",US,887
"13 km NNE of Willow, Alaska",US,888
"11 km ENE of Coso Junction, CA",US,889
"11 km WSW of Ferry, Alaska",US,890
"13 km W of Kalifornsky, Alaska",US,891
"3 km S of Mentone, CA",US,892
"7 km NW of The Geysers, CA",US,894
"18 km S of Funny River, Alaska",US,895
"5 km ENE of Government Camp, Oregon",US,896
"24 km S of Mina, Nevada",US,897
"1 km NNW of The Geysers, CA",US,898
"16 km NNE of Houston, Alaska",US,899
"2 km N of Marina del Rey, CA",US,900
"22 km W of Point MacKenzie, Alaska",US,901
"49 km N of Petersville, Alaska",US,902
"8 km WNW of Cobb, CA",US,903
"11 km NNE of Pinnacles, CA",US,904
"10 km SE of Lima, Montana",US,905
"37 km W of Chignik Lake, Alaska",US,906
"66 km NE of Nikolski, Alaska",US,907
"8 km ESE of Arpelar, Oklahoma",US,908
"20 km SSE of Happys Inn, Montana",US,909
"3 km SE of Ontario, CA",US,910
"1 km SSW of Inglewood, CA",US,911
"17 km W of Anchorage, Alaska",US,912
"58 km SE of Pedro Bay, Alaska",US,913
"6 km SSE of Napa, CA",US,914
"51 km NNE of Chickaloon, Alaska",US,915
"24 km NW of Bickleton, Washington",US,916
"15 km W of Anchor Point, Alaska",US,920
"5 km N of Banning, CA",US,921
"8 km SSW of Harding-Birch Lakes, Alaska",US,922
"1 km  of The Geysers, CA",US,923
"51 km W of False Pass, Alaska",US,924
"53 km WNW of Petersville, Alaska",US,925
"2 km W of Aguanga, CA",US,926
"6 km E of Butte, Montana",US,927
"5 km NE of Hoback, Wyoming",US,928
"32 km NE of Four Mile Road, Alaska",US,929
"6 km NNW of The Geysers, CA",US,931
"14 km NE of Ridgecrest, CA",US,932
"34 km N of Searles Valley, CA",US,933
"3 km WSW of Cotati, CA",US,935
"3 km ENE of Saint Helena, CA",US,936
"2 km WSW of Newark, CA",US,937
"49 km WNW of Petrolia, CA",US,938
"15 km NW of Pawnee, Oklahoma",US,939
"11 km ESE of Anza, CA",US,940
"91 km WNW of Petrolia, CA",US,943
"52 km SE of Denali National Park, Alaska",US,944
"88 km WSW of Karluk, Alaska",US,945
"22 km NNW of Susitna, Alaska",US,946
"12 km SSW of Searles Valley, CA",US,947
"55 km S of Beaver, Alaska",US,948
"15 km SE of Julian, CA",US,949
"67 km WNW of Beluga, Alaska",US,950
"20 km NNW of Borrego Springs, CA",US,951
"89 km W of Adak, Alaska",US,952
"46 km NW of Ninilchik, Alaska",US,953
"4 km NNW of The Geysers, CA",US,954
"1 km WNW of Concord, CA",US,955
"22 km NE of Thermal, CA",US,956
"66 km N of Petersville, Alaska",US,957
"13 km SSE of Susitna North, Alaska",US,958
"22 km NNE of Kenny Lake, Alaska",US,959
"9 km ESE of Jefferson, Oklahoma",US,960
"20 km N of Honoka‘a, Hawaii",US,962
"42 km SW of Tatitlek, Alaska",US,963
"5 km SE of Pearsall, Texas",US,964
"7 km WSW of Point MacKenzie, Alaska",US,965
"13 km SE of Susitna North, Alaska",US,966
"13 km N of Atka, Alaska",US,967
"13 km SE of Bodfish, CA",US,968
"12 km NNE of Cabazon, CA",US,969
"56 km E of Pedro Bay, Alaska",US,970
"49 km W of Cohoe, Alaska",US,971
"12 km SW of West Pearsall, Texas",US,972
"56 km NNE of Petersville, Alaska",US,973
"37 km NNE of Amboy, Washington",US,974
"14 km N of Susitna, Alaska",US,975
"15 km NNE of Morgan Hill, CA",US,976
"55 km SE of P?hala, Hawaii",US,977
"24 km NNE of Point Possession, Alaska",US,978
"43 km SSE of Nelchina, Alaska",US,979
"12 km SW of Doyle, California",US,980
"41 km WNW of Indian Springs, Nevada",US,981
"6 km E of Heber, CA",US,982
"63 km ENE of Pedro Bay, Alaska",US,983
"17 km SSE of Klamath, CA",US,985
"7 km NW of San Francisco Zoo, CA",US,986
"5 km NNE of Cabazon, CA",US,987
"7 km WSW of Anza, CA",US,988
"6 km NNE of Lake Henshaw, CA",US,989
"25 km W of Dutch Harbor, Alaska",US,990
"5 km SW of Ponderosa Pines, Montana",US,991
"12 km E of Hawthorne, Nevada",US,992
"12 km NNW of Corcoran, CA",US,995
"9 km SW of Idyllwild, CA",US,996
"39 km NW of Stanton, Texas",US,997
"73 km NW of Ninilchik, Alaska",US,998
"5 km SSE of The Geysers, CA",US,1000
"17 km NW of Pinnacles, CA",US,1001
"40 km NNE of Whittier, Alaska",US,1002
"16 km WNW of Emery, Utah",US,1003
"4 km ESE of Mentone, CA",US,1004
"16 km W of Susitna, Alaska",US,1007
"10 km S of Idyllwild, CA",US,1008
"65 km WNW of Happy Valley, Alaska",US,1009
"87 km W of Adak, Alaska",US,1010
